"ID","class"
1,0.3436
2,0.2903
3,0.2047
4,0.3729
5,0.4741
6,0.2344
7,0.0782
8,0.405
9,0.2145
10,0.0435
11,0.3608
12,0.1991
13,0.2318
14,0.2897
15,0.4835
16,0.2652
17,0.0402
18,0.2447
19,0.0212
20,0.0153
21,0.4748
22,0.0848
23,0.3154
24,0.4645
25,0.4702
26,0.2795
27,0.2685
28,0.2208
29,0.3616
30,0.4828
31,0.3893
32,0.1426
33,0.244
34,0.2232
35,0.1666
36,0.042
37,0.3822
38,0.4249
39,0.1152
40,0.2514
41,0.3415
42,0.2837
43,0.4699
44,0.0181
45,0.1862
46,0.221
47,0.2001
48,0.0332
49,0.4639
50,0.4089
51,0.097
52,0.4711
53,0.1526
54,0.1117
55,0.0646
56,0.2707
57,0.4193
58,0.3204
59,0.1852
60,0.0946
61,0.2585
62,0.4768
63,0.4432
64,0.148
65,0.3571
66,0.3007
67,0.3616
68,0.0818
69,0.1725
70,0.4498
71,0.1431
72,0.0287
73,0.1179
74,0.1122
75,0.0496
76,0.1934
77,0.2963
78,0.4646
79,0.0066
80,0.3185
81,0.4821
82,0.4665
83,0.3575
84,0.0932
85,0.2186
86,0.4876
87,0.014
88,0.1196
89,0.1373
90,0.2082
91,0.3897
92,0.2971
93,0.2677
94,0.1445
95,0.4728
96,0.2345
97,0.4899
98,0.3077
99,0.0886
100,0.0704
101,0.1802
102,0.2202
103,0.2609
104,0.1275
105,0.2023
106,0.492
107,0.4425
108,0.1109
109,0.2776
110,0.0753
111,0.3608
112,0.2935
113,0.048
114,0.3704
115,0.1639
116,0.0785
117,0.4988
118,0.2703
119,0.0317
120,0.3017
121,0.4535
122,0.0537
123,0.156
124,0.3515
125,0.4217
126,0.1398
127,0.0666
128,0.2013
129,0.1689
130,0.2144
131,0.029
132,0.0828
133,0.2125
134,0.4657
135,0.002
136,0.1599
137,0.2431
138,0.3064
139,0.0448
140,0.353
141,0.1561
142,0.3337
143,0.0428
144,0.3112
145,0.3112
146,0.1986
147,0.3782
148,0.0332
149,0.3265
150,0.0933
151,0.1902
152,0.3101
153,0.0088
154,0.4702
155,0.3096
156,0.0084
157,0.1658
158,0.0328
159,0.1867
160,0.3144
161,0.0492
162,0.0597
163,0.3345
164,0.0649
165,0.3202
166,0.1068
167,0.0884
168,0.4427
169,0.1984
170,0.0956
171,0.3556
172,0.2389
173,0.2378
174,0.2756
175,0.4228
176,0.2274
177,0.4443
178,0.0726
179,0.1964
180,0.2199
181,0.0289
182,0.4003
183,0.064
184,0.33
185,0.1938
186,0.4103
187,0.4675
188,0.2666
189,0.4445
190,0.3701
191,0.2367
192,0.1689
193,0.359
194,0.0102
195,0.1331
196,0.3052
197,0.4947
198,0.0029
199,0.4877
200,0.4778
201,0.315
202,0.348
203,0.3738
204,0.1765
205,0.1138
206,0.4126
207,0.1866
208,0.4872
209,0.3361
210,0.1825
211,0.2561
212,0.3938
213,0.4162
214,0.3915
215,0.245
216,0.326
217,0.0839
218,0.3849
219,0.1003
220,0.2936
221,0.3258
222,0.1106
223,0.3469
224,0.3586
225,0.0225
226,0.3757
227,0.2673
228,0.0765
229,0.2928
230,0.1874
231,0.0587
232,0.0123
233,0.35
234,0.0161
235,0.0393
236,0.0959
237,0.0985
238,0.3662
239,0.4474
240,0.2319
241,0.0202
242,0.3752
243,0.3398
244,0.2055
245,0.2888
246,0.3779
247,0.4419
248,0.4014
249,0.46
250,0.1404
251,0.2679
252,0.3051
253,0.4606
254,0.3704
255,0.3452
256,0.0779
257,0.0962
258,0.4605
259,0.4049
260,0.0767
261,0.4132
262,0.0963
263,0.4904
264,3e-04
265,0.0349
266,0.4711
267,0.0483
268,0.309
269,0.3598
270,0.4019
271,0.1496
272,0.1632
273,0.006
274,0.388
275,0.4955
276,0.2298
277,0.0481
278,0.0877
279,0.0449
280,0.2713
281,0.0798
282,0.2438
283,0.4815
284,0.1295
285,0.0557
286,0.2192
287,0.3888
288,0.0341
289,0.2317
290,0.4503
291,0.2708
292,0.1299
293,0.051
294,0.3473
295,0.4458
296,0.2711
297,0.3261
298,0.2264
299,0.4507
300,0.3511
301,0.1224
302,0.1704
303,0.1868
304,0.0158
305,0.4958
306,0.35
307,0.1329
308,0.2934
309,0.3303
310,0.1829
311,0.4679
312,0.1585
313,0.4372
314,0.0692
315,0.0065
316,0.3741
317,0.0295
318,0.2581
319,0.2743
320,0.067
321,0.042
322,0.4008
323,0.4084
324,0.1885
325,0.4879
326,0.136
327,0.0011
328,0.348
329,0.267
330,0.3063
331,0.446
332,0.3726
333,0.4498
334,0.0081
335,0.2004
336,0.1943
337,0.4821
338,0.3049
339,0.1897
340,0.4903
341,0.2373
342,0.0822
343,0.3552
344,0.4188
345,0.0789
346,0.1396
347,0.4594
348,0.348
349,0.3344
350,0.3053
351,0.0433
352,0.0351
353,0.3185
354,0.1244
355,0.2759
356,0.0443
357,0.3028
358,0.0039
359,0.0294
360,0.4556
361,0.3749
362,0.1304
363,0.2993
364,0.2617
365,0.3005
366,0.3551
367,0.2232
368,0.138
369,0.1467
370,0.2756
371,0.4008
372,0.1548
373,0.2866
374,0.0572
375,0.3435
376,0.1031
377,0.4997
378,0.24
379,0.3865
380,0.3291
381,0.0553
382,0.079
383,0.4182
384,0.5
385,0.3272
386,0.336
387,0.2989
388,0.096
389,0.4664
390,0.085
391,0.4727
392,0.0686
393,0.1393
394,0.374
395,0.2462
396,0.3886
397,0.2804
398,0.2203
399,0.1886
400,0.2946
401,0.3666
402,0.4182
403,0.2741
404,0.2328
405,0.3233
406,0.1906
407,0.0379
408,0.2703
409,0.2262
410,0.4075
411,0.4011
412,0.493
413,0.375
414,0.292
415,0.0316
416,0.4696
417,0.2422
418,0.1118
419,0.4762
420,0.3746
421,0.4607
422,0.059
423,0.4369
424,0.3384
425,0.2976
426,0.2404
427,0.0511
428,0.2295
429,0.1508
430,0.0015
431,0.0707
432,0.1029
433,0.0631
434,0.0283
435,0.2183
436,0.338
437,0.4943
438,0.079
439,0.3129
440,0.3265
441,0.1643
442,0.2623
443,0.4477
444,0.1301
445,0.3415
446,0.1221
447,0.4423
448,0.1054
449,0.08
450,0.093
451,0.2959
452,0.2429
453,0.3803
454,0.4127
455,0.1635
456,0.4046
457,0.3911
458,0.1247
459,0.1842
460,0.4408
461,0.1694
462,0.2448
463,0.065
464,0.3416
465,0.366
466,0.2019
467,0.3278
468,0.4984
469,0.1299
470,0.1834
471,0.3552
472,0.4739
473,0.255
474,0.0628
475,0.3024
476,0.3087
477,0.38
478,0.2132
479,0.2573
480,0.491
481,0.151
482,0.4379
483,0.3127
484,0.1356
485,0.4932
486,0.4384
487,0.4541
488,0.089
489,0.0713
490,0.0589
491,0.2556
492,0.1311
493,0.3195
494,0.439
495,0.4034
496,0.0461
497,0.0443
498,0.0863
499,0.2618
500,0.1755
501,0.1947
502,0.2983
503,0.3104
504,0.4376
505,0.1039
506,0.339
507,0.4134
508,0.219
509,0.2752
510,0.4563
511,0.1024
512,0.2291
513,0.4845
514,0.1437
515,0.1864
516,0.0182
517,0.0068
518,0.1006
519,0.3546
520,0.2668
521,0.3887
522,0.4816
523,0.0558
524,0.3472
525,0.0212
526,0.1361
527,0.0183
528,0.4673
529,0.4127
530,0.185
531,0.0488
532,0.4779
533,0.4205
534,0.473
535,0.103
536,0.4623
537,0.0166
538,0.2302
539,0.0452
540,0.1908
541,0.1387
542,0.1245
543,0.4013
544,0.474
545,0.0127
546,0.3706
547,0.3724
548,0.4028
549,0.417
550,0.2616
551,0.4361
552,0.2963
553,0.2948
554,0.4925
555,0.1736
556,0.4607
557,0.2082
558,0.0191
559,0.2635
560,0.1299
561,0.2407
562,0.0455
563,0.2179
564,0.2812
565,0.2298
566,0.1723
567,0.2521
568,0.1336
569,0.4593
570,0.0652
571,0.2049
572,0.1258
573,0.3088
574,0.0678
575,0.391
576,0.159
577,0.3967
578,0.0179
579,0.228
580,0.4187
581,0.1113
582,0.256
583,0.0146
584,0.1737
585,0.0092
586,0.1013
587,0.2313
588,0.3169
589,0.1704
590,0.0214
591,0.3584
592,0.3783
593,0.0618
594,0.0665
595,0.4702
596,0.0879
597,0.4003
598,0.2244
599,0.2422
600,0.0249
601,0.1329
602,0.3681
603,0.4693
604,0.155
605,0.4163
606,0.3227
607,0.2306
608,0.1121
609,0.2253
610,0.0478
611,0.1678
612,0.1849
613,0.026
614,0.4922
615,0.2615
616,0.4033
617,0.3254
618,0.4458
619,0.1299
620,0.4503
621,0.138
622,0.3382
623,0.2514
624,0.2586
625,0.4794
626,0.4349
627,0.4058
628,0.2983
629,0.2368
630,0.2978
631,0.0728
632,0.3396
633,0.1506
634,0.0954
635,0.3777
636,0.2649
637,0.4349
638,0.3965
639,0.3235
640,0.3117
641,0.352
642,0.2796
643,0.2554
644,0.3409
645,0.0154
646,0.0041
647,0.2974
648,0.359
649,0.343
650,0.4033
651,0.1816
652,0.2384
653,0.4575
654,0.3418
655,0.4872
656,0.1142
657,0.3066
658,0.3194
659,0.1037
660,0.016
661,0.2887
662,0.2622
663,0.1356
664,0.3383
665,0.3545
666,0.438
667,0.1709
668,0.0505
669,0.2557
670,0.2931
671,0.3867
672,0.3409
673,0.4777
674,0.2708
675,0.052
676,0.3153
677,0.4705
678,0.0585
679,0.166
680,0.4132
681,0.1951
682,0.1861
683,0.1527
684,0.1599
685,0.3203
686,0.0367
687,0.1397
688,0.2526
689,0.3925
690,0.2942
691,0.3919
692,0.3784
693,0.123
694,0.1452
695,0.378
696,0.2331
697,0.3222
698,0.0851
699,0.1459
700,0.0181
701,0.1334
702,0.1673
703,0.4774
704,0.0705
705,0.4327
706,0.3
707,0.2834
708,0.4674
709,0.1334
710,0.3642
711,0.2175
712,0.4886
713,0.2624
714,0.3091
715,0.215
716,0.1437
717,0.2475
718,0.2235
719,0.2921
720,0.2322
721,0.0966
722,0.1558
723,0.3721
724,0.0746
725,0.4139
726,0.4386
727,0.2108
728,0.4325
729,0.3512
730,0.0813
731,0.4499
732,0.0762
733,0.0824
734,0.0076
735,0.0268
736,0.442
737,0.3524
738,0.1842
739,0.333
740,0.0243
741,9e-04
742,0.3622
743,0.3704
744,0.2542
745,0.3528
746,0.1349
747,0.1902
748,0.4707
749,0.2611
750,0.48
751,0.4004
752,0.3353
753,0.4923
754,0.0057
755,0.4361
756,0.0479
757,0.0255
758,0.1301
759,0.0204
760,0.2977
761,0.4539
762,0.0098
763,0.4323
764,0.3361
765,0.1666
766,0.4787
767,0.4308
768,0.3424
769,0.2206
770,0.3388
771,0.4867
772,0.1458
773,0.4224
774,0.3825
775,0.078
776,0.1597
777,0.4705
778,0.3908
779,0.0112
780,0.074
781,0.2184
782,0.0448
783,0.3214
784,0.3481
785,0.4413
786,0.3974
787,0.1135
788,0.3523
789,0.2921
790,0.3332
791,0.262
792,0.4609
793,0.3785
794,0.27
795,0.048
796,0.2875
797,0.2648
798,0.2734
799,0.0042
800,0.0745
801,0.0484
802,0.4207
803,0.0253
804,0.0748
805,0.2235
806,0.0708
807,0.4453
808,0.3345
809,0.2536
810,0.18
811,0.1781
812,0.307
813,0.4319
814,0.2615
815,0.1125
816,0.324
817,0.3749
818,0.4268
819,0.1784
820,0.3644
821,0.304
822,0.1712
823,0.2638
824,0.415
825,0.0806
826,0.21
827,0.2004
828,0.0645
829,0.1291
830,0.4535
831,0.321
832,0.4286
833,0.4688
834,0.1255
835,0.0043
836,0.2806
837,0.3772
838,0.1347
839,0.3819
840,0.2064
841,0.4766
842,0.1917
843,0.2464
844,0.1956
845,0.0811
846,0.343
847,0.0065
848,0.1049
849,0.3143
850,0.2311
851,0.4737
852,0.4469
853,0.2055
854,0.0221
855,0.3483
856,0.3008
857,0.3263
858,0.3011
859,0.0391
860,0.2119
861,0.2258
862,0.04
863,0.1763
864,0.1253
865,0.3058
866,0.4273
867,0.0641
868,0.1115
869,0.0638
870,0.3111
871,0.4967
872,0.1643
873,0.4059
874,0.225
875,0.2972
876,0.0796
877,0.0455
878,0.1282
879,0.2559
880,0.2029
881,0.2518
882,0.3192
883,0.3892
884,0.0373
885,0.4935
886,0.029
887,0.3303
888,0.1752
889,0.1734
890,0.4855
891,0.4358
892,0.4521
893,0.0727
894,0.3951
895,0.2643
896,0.4073
897,0.1043
898,0.3885
899,0.09
900,0.1308
901,0.2356
902,0.4532
903,0.091
904,0.3387
905,0.0535
906,0.125
907,0.429
908,0.3898
909,0.0145
910,0.3813
911,0.1013
912,0.0789
913,0.0036
914,0.4979
915,0.1711
916,0.185
917,0.4044
918,0.3064
919,0.4006
920,0.0181
921,0.0405
922,0.0933
923,0.3916
924,0.4077
925,0.3056
926,0.318
927,0.1374
928,0.1523
929,0.4201
930,0.0542
931,0.0122
932,0.3705
933,0.0898
934,0.4512
935,0.4159
936,0.3025
937,0.0751
938,0.1523
939,0.2217
940,0.245
941,0.0363
942,0.2787
943,0.3617
944,0.2553
945,0.2225
946,0.0589
947,0.2768
948,0.3444
949,0.2617
950,0.0965
951,0.2625
952,0.2233
953,0.3336
954,0.1816
955,0.4205
956,0.0891
957,0.1843
958,0.4482
959,0.1675
960,0.319
961,0.1752
962,0.3341
963,0.2903
964,0.0232
965,0.1569
966,0.3773
967,0.3839
968,0.0897
969,0.311
970,0.0186
971,0.0867
972,0.4641
973,0.2668
974,0.0464
975,0.4411
976,0.1386
977,0.4923
978,0.2793
979,0.1502
980,0.3596
981,0.3309
982,0.4516
983,0.0998
984,0.1846
985,0.0399
986,0.2613
987,0.4584
988,0.3539
989,0.0306
990,0.4869
991,0.0591
992,0.4637
993,0.4952
994,0.2799
995,0.2075
996,0.4577
997,0.0189
998,0.1312
999,0.2312
1000,0.4544
1001,0.3592
1002,0.2275
1003,0.4702
1004,0.3196
1005,0.0289
1006,0.1962
1007,0.0268
1008,0.1926
1009,0.2776
1010,0.1603
1011,0.1705
1012,0.1792
1013,0.373
1014,0.1161
1015,0.4283
1016,0.0887
1017,0.3977
1018,0.2279
1019,0.2607
1020,0.4332
1021,0.4706
1022,0.4256
1023,0.3157
1024,0.1745
1025,0.1611
1026,0.042
1027,0.1428
1028,0.0306
1029,0.0617
1030,0.3789
1031,0.3178
1032,0.0084
1033,0.4696
1034,0.3657
1035,0.0347
1036,0.4154
1037,0.093
1038,0.2833
1039,0.0529
1040,0.4173
1041,0.4069
1042,0.4281
1043,0.2605
1044,0.1866
1045,0.1809
1046,0.2782
1047,0.2166
1048,0.088
1049,0.1117
1050,0.2787
1051,0.3783
1052,0.192
1053,0.379
1054,0.223
1055,0.1012
1056,0.0698
1057,0.2939
1058,0.1722
1059,0.0257
1060,0.1693
1061,0.44
1062,0.0227
1063,0.2109
1064,0.3654
1065,0.1036
1066,0.4269
1067,0.1177
1068,0.2913
1069,0.381
1070,0.2286
1071,0.2363
1072,0.4578
1073,0.2334
1074,0.2442
1075,0.1852
1076,0.1661
1077,0.232
1078,0.2899
1079,0.1961
1080,0.159
1081,0.3231
1082,0.2614
1083,0.1707
1084,0.1049
1085,0.1557
1086,0.3347
1087,0.2802
1088,0.1369
1089,0.4441
1090,0.1122
1091,0.0824
1092,0.1198
1093,0.1381
1094,0.111
1095,0.3918
1096,0.1897
1097,0.1439
1098,0.3933
1099,0.0855
1100,0.4141
1101,0.1377
1102,0.3657
1103,0.4866
1104,0.4048
1105,0.3451
1106,0.4069
1107,0.4066
1108,0.2372
1109,0.4956
1110,0.262
1111,0.295
1112,0.4272
1113,0.3624
1114,0.3342
1115,0.39
1116,0.3998
1117,0.3774
1118,0.4965
1119,0.0589
1120,0.1963
1121,0.3858
1122,0.207
1123,0.2794
1124,0.3666
1125,0.0037
1126,0.3483
1127,0.1184
1128,0.2542
1129,0.0236
1130,0.1273
1131,0.4877
1132,0.2162
1133,0.1945
1134,0.2744
1135,0.3943
1136,0.32
1137,0.3102
1138,0.3962
1139,0.4694
1140,0.2987
1141,0.0618
1142,0.1485
1143,0.0385
1144,0.0719
1145,0.0837
1146,0.1378
1147,0.2174
1148,0.408
1149,0.3117
1150,0.3645
1151,0.1031
1152,0.3462
1153,0.3584
1154,0.4333
1155,0.2702
1156,0.3351
1157,0.2723
1158,0.0741
1159,0.1493
1160,0.138
1161,0.0682
1162,0.4983
1163,0.3602
1164,0.4635
1165,0.3794
1166,0.4407
1167,0.3239
1168,0.1219
1169,0.4259
1170,0.4068
1171,0.1689
1172,0.3819
1173,0.2791
1174,0.2868
1175,0.1514
1176,0.3667
1177,0.1259
1178,0.2661
1179,0.3776
1180,0.118
1181,0.185
1182,0.0223
1183,0.4557
1184,0.3322
1185,0.244
1186,0.2583
1187,0.0553
1188,0.4465
1189,0.448
1190,0.1607
1191,0.3936
1192,0.0225
1193,0.1203
1194,0.422
1195,0.0263
1196,0.3602
1197,0.1481
1198,0.2057
1199,0.3097
1200,0.173
1201,0.1085
1202,0.2048
1203,0.3765
1204,0.3203
1205,0.2242
1206,0.4975
1207,0.4462
1208,0.2052
1209,0.0267
1210,0.1921
1211,0.3359
1212,0.219
1213,0.1234
1214,0.2855
1215,0.1598
1216,0.4652
1217,0.307
1218,0.0767
1219,0.2363
1220,0.0608
1221,0.134
1222,0.3824
1223,0.1626
1224,0.1123
1225,0.0717
1226,0.3823
1227,0.3723
1228,0.2826
1229,0.4235
1230,0.1096
1231,0.3437
1232,0.4464
1233,0.143
1234,0.3572
1235,0.1293
1236,0.2788
1237,0.1343
1238,0.3392
1239,0.1861
1240,0.1766
1241,0.3203
1242,0.1447
1243,0.4622
1244,0.1407
1245,0.2853
1246,0.026
1247,0.2988
1248,0.2523
1249,0.2755
1250,0.2254
1251,0.0183
1252,0.4093
1253,0.3181
1254,0.1587
1255,0.3339
1256,0.2116
1257,0.3758
1258,0.289
1259,0.3404
1260,0.0467
1261,0.3341
1262,0.3664
1263,0.3386
1264,0.0443
1265,0.3364
1266,0.15
1267,0.4421
1268,0.3073
1269,0.0436
1270,0.3278
1271,0.1977
1272,0.4552
1273,0.253
1274,0.1799
1275,0.3834
1276,0.3884
1277,0.4685
1278,0.1291
1279,0.1926
1280,0.2273
1281,0.313
1282,0.206
1283,0.0127
1284,0.1288
1285,0.3051
1286,0.356
1287,0.1987
1288,0.4809
1289,0.4114
1290,0.127
1291,0.4319
1292,0.4367
1293,0.4838
1294,0.418
1295,0.1216
1296,0.3141
1297,0.1627
1298,0.1766
1299,0.0993
1300,0.4548
1301,0.2256
1302,0.1686
1303,0.1944
1304,0.4264
1305,0.4257
1306,0.3404
1307,0.1781
1308,0.3928
1309,0.2898
1310,0.2245
1311,0.2922
1312,0.1018
1313,0.0627
1314,0.4309
1315,0.0501
1316,0.446
1317,0.4636
1318,0.4527
1319,0.1483
1320,0.2025
1321,0.2719
1322,0.16
1323,0.3509
1324,0.3908
1325,0.2936
1326,0.312
1327,0.3537
1328,0.458
1329,0.3679
1330,0.4097
1331,0.4558
1332,0.2678
1333,0.2345
1334,0.4265
1335,0.2765
1336,0.2138
1337,0.1586
1338,0.2096
1339,0.4044
1340,0.1755
1341,0.2579
1342,0.0269
1343,0.3749
1344,0.3499
1345,0.1477
1346,0.312
1347,0.2516
1348,0.2298
1349,0.2561
1350,0.3172
1351,0.2804
1352,0.4479
1353,0.4278
1354,0.0071
1355,0.467
1356,0.0137
1357,0.3256
1358,0.1606
1359,0.0797
1360,0.0998
1361,0.147
1362,0.2983
1363,0.4841
1364,0.1429
1365,0.085
1366,0.3992
1367,0.2111
1368,0.4029
1369,0.1589
1370,0.0882
1371,0.3427
1372,0.0296
1373,0.2646
1374,0.4904
1375,0.0232
1376,0.3774
1377,0.3324
1378,0.1446
1379,0.1074
1380,0.2942
1381,0.4854
1382,0.1225
1383,0.2251
1384,0.0338
1385,0.158
1386,0.214
1387,0.1869
1388,0.1676
1389,0.0129
1390,0.4376
1391,0.0321
1392,0.4799
1393,0.1698
1394,0.3687
1395,0.1196
1396,0.1721
1397,0.3135
1398,0.0732
1399,0.391
1400,0.3167
1401,0.0793
1402,0.1182
1403,0.2046
1404,0.2129
1405,0.1878
1406,0.013
1407,0.4031
1408,0.221
1409,0.3105
1410,0.2531
1411,0.0808
1412,0.2262
1413,0.4698
1414,0.0352
1415,0.1119
1416,0.3274
1417,0.4777
1418,0.0064
1419,0.1454
1420,0.2852
1421,0.1477
1422,0.1294
1423,0.49
1424,0.393
1425,0.1546
1426,0.087
1427,0.0307
1428,0.3668
1429,0.2515
1430,0.2566
1431,0.463
1432,0.4856
1433,0.1248
1434,0.2386
1435,0.2295
1436,0.4608
1437,0.4413
1438,0.2337
1439,0.3263
1440,0.3829
1441,0.3983
1442,0.4848
1443,0.0071
1444,0.0466
1445,0.4994
1446,0.2569
1447,0.4594
1448,0.0819
1449,0.2
1450,0.1651
1451,0.0455
1452,0.0566
1453,0.1035
1454,0.4473
1455,0.1809
1456,0.4352
1457,0.4593
1458,0.4092
1459,0.3421
1460,0.2968
1461,0.4206
1462,0.3643
1463,0.3504
1464,0.4484
1465,0.2376
1466,0.0295
1467,0.2296
1468,0.4401
1469,0.0386
1470,0.2875
1471,0.0674
1472,0.3053
1473,0.401
1474,0.4891
1475,0.4905
1476,0.2349
1477,0.1038
1478,0.4611
1479,0.4887
1480,0.0271
1481,0.3984
1482,0.1325
1483,0.2352
1484,0.4531
1485,0.2264
1486,0.4469
1487,0.0762
1488,0.2355
1489,0.1856
1490,0.3812
1491,0.1083
1492,0.2101
1493,0.3955
1494,0.3176
1495,0.4904
1496,0.0249
1497,0.3463
1498,0.0148
1499,0.3746
1500,0.1986
1501,0.2579
1502,0.2205
1503,0.3469
1504,0.0671
1505,0.0587
1506,0.0953
1507,0.1829
1508,0.3151
1509,0.0203
1510,0.3557
1511,0.4036
1512,0.127
1513,0.3281
1514,0.2704
1515,0.2708
1516,0.0612
1517,0.2947
1518,0.2616
1519,0.483
1520,0.2252
1521,0.2664
1522,0.3878
1523,0.0067
1524,0.0454
1525,0.3918
1526,0.3938
1527,0.2535
1528,0.2966
1529,0.0657
1530,0.1595
1531,0.4306
1532,0.0474
1533,0.3587
1534,0.2311
1535,0.3018
1536,0.2783
1537,0.2539
1538,0.1864
1539,0.3083
1540,0.0213
1541,0.3507
1542,0.3429
1543,0.2372
1544,0.2285
1545,0.4938
1546,0.2296
1547,0.0827
1548,0.2419
1549,0.1858
1550,0.4251
1551,0.2787
1552,0.4421
1553,0.3097
1554,0.267
1555,0.4739
1556,0.2561
1557,0.2645
1558,0.1814
1559,0.0915
1560,0.3468
1561,0.1997
1562,0.2479
1563,0.2581
1564,0.2438
1565,0.199
1566,0.0386
1567,0.4768
1568,0.001
1569,0.4266
1570,0.101
1571,0.3184
1572,0.254
1573,0.0774
1574,0.1833
1575,0.2517
1576,0.1198
1577,0.0895
1578,0.1286
1579,0.4324
1580,0.4423
1581,0.4469
1582,0.272
1583,0.3239
1584,0.1007
1585,0.3288
1586,0.1257
1587,0.1563
1588,0.3012
1589,0.199
1590,0.0523
1591,0.0392
1592,0.0859
1593,0.2982
1594,0.0538
1595,0.0318
1596,0.0153
1597,0.2049
1598,0.0751
1599,0.3654
1600,0.4623
1601,0.0159
1602,0.0956
1603,0.4452
1604,0.4635
1605,0.0217
1606,0.1548
1607,0.0019
1608,0.063
1609,0.0955
1610,0.0991
1611,0.2423
1612,0.2376
1613,0.3164
1614,0.0576
1615,0.1956
1616,0.261
1617,0.1991
1618,0.3641
1619,0.0243
1620,0.4912
1621,0.093
1622,0.3216
1623,0.3188
1624,0.2216
1625,0.0291
1626,0.4039
1627,0.4086
1628,0.2225
1629,0.2956
1630,0.455
1631,0.1846
1632,0.4762
1633,0.1798
1634,0.0586
1635,0.3249
1636,0.2348
1637,0.2659
1638,0.3401
1639,0.3678
1640,0.1484
1641,0.402
1642,0.0931
1643,0.1368
1644,0.243
1645,0.2982
1646,0.3362
1647,0.1921
1648,0.0177
1649,0.0637
1650,0.4302
1651,0.405
1652,0.1086
1653,0.1749
1654,0.1719
1655,0.2012
1656,0.222
1657,0.2685
1658,0.3429
1659,0.2836
1660,0.1383
1661,0.4697
1662,0.2881
1663,0.1923
1664,0.3531
1665,0.0769
1666,0.3051
1667,0.2806
1668,0.0403
1669,0.4054
1670,0.436
1671,0.2817
1672,0.4098
1673,0.345
1674,0.2049
1675,0.4295
1676,0.4304
1677,0.2772
1678,0.3819
1679,0.4303
1680,0.3907
1681,0.1054
1682,0.3425
1683,0.0055
1684,0.2812
1685,0.257
1686,0.3951
1687,0.2658
1688,0.2807
1689,0.4358
1690,0.4947
1691,0.1396
1692,0.1459
1693,0.048
1694,0.2111
1695,0.486
1696,0.0646
1697,0.1906
1698,0.4803
1699,0.2863
1700,0.4742
1701,0.4524
1702,0.3711
1703,0.0885
1704,0.4475
1705,0.1255
1706,0.4924
1707,0.4779
1708,0.3373
1709,0.2083
1710,0.084
1711,0.0983
1712,0.3603
1713,0.0546
1714,0.0213
1715,0.4243
1716,0.2497
1717,0.1488
1718,0.3774
1719,0.1851
1720,0.2525
1721,0.4179
1722,0.3674
1723,0.0648
1724,0.2215
1725,0.4576
1726,0.0445
1727,0.0423
1728,0.0993
1729,0.3759
1730,0.4704
1731,0.2083
1732,0.3226
1733,0.1629
1734,0.2108
1735,0.4311
1736,0.3952
1737,0.2657
1738,0.1288
1739,0.3667
1740,0.3849
1741,0.3798
1742,0.3648
1743,0.1771
1744,0.1662
1745,0.1748
1746,0.1505
1747,0.2169
1748,0.4509
1749,0.21
1750,0.2376
1751,0.3723
1752,0.0157
1753,0.2526
1754,0.4996
1755,0.3938
1756,0.1665
1757,0.1732
1758,0.4081
1759,0.2701
1760,0.0596
1761,0.3596
1762,0.1596
1763,0.361
1764,0.4161
1765,0.268
1766,0.1936
1767,0.1561
1768,0.2026
1769,0.1338
1770,0.3809
1771,0.3072
1772,0.3253
1773,0.4467
1774,0.0446
1775,0.4188
1776,0.0291
1777,0.374
1778,0.1061
1779,0.0342
1780,0.1542
1781,0.246
1782,0.438
1783,0.1103
1784,0.1349
1785,0.2649
1786,0.0587
1787,0.3238
1788,0.497
1789,0.3179
1790,0.2917
1791,0.31
1792,0.0966
1793,0.2182
1794,0.25
1795,0.1474
1796,0.3547
1797,0.4375
1798,0.3191
1799,0.3315
1800,0.1889
1801,0.1604
1802,0.2948
1803,0.0122
1804,0.4453
1805,0.0649
1806,0.4017
1807,0.0796
1808,0.0283
1809,0.0909
1810,0.387
1811,0.0239
1812,0.35
1813,0.1787
1814,0.1797
1815,0.3413
1816,0.3789
1817,0.0432
1818,0.0664
1819,0.0796
1820,0.0792
1821,0.3794
1822,0.1153
1823,0.2558
1824,0.3523
1825,0.0087
1826,0.0092
1827,0.4254
1828,0.0622
1829,0.3693
1830,0.4664
1831,0.3659
1832,0.3695
1833,0.4037
1834,0.1938
1835,0.4962
1836,0.2901
1837,0.1369
1838,0.2849
1839,0.0929
1840,0.2221
1841,0.2359
1842,0.2264
1843,0.1702
1844,0.2631
1845,0.4268
1846,0.1156
1847,0.0331
1848,0.3041
1849,0.307
1850,0.2341
1851,0.2656
1852,0.1668
1853,0.0075
1854,0.1517
1855,0.3227
1856,0.0397
1857,0.4475
1858,0.1736
1859,0.4665
1860,0.0439
1861,0.1476
1862,0.0607
1863,0.2421
1864,0.4148
1865,0.4722
1866,0.1384
1867,0.3034
1868,0.0191
1869,0.0797
1870,0.1869
1871,0.1721
1872,0.0858
1873,0.2284
1874,0.1425
1875,0.0687
1876,0.1363
1877,0.018
1878,0.2484
1879,0.3862
1880,0.0166
1881,0.1277
1882,0.491
1883,0.2458
1884,0.436
1885,0.3607
1886,0.0559
1887,0.1686
1888,0.4847
1889,0.0908
1890,0.29
1891,0.4242
1892,0.0672
1893,0.1615
1894,0.3629
1895,0.4606
1896,0.0945
1897,0.2162
1898,0.2629
1899,0.2319
1900,0.145
1901,0.4472
1902,0.1748
1903,0.0113
1904,0.2882
1905,0.2161
1906,0.4982
1907,0.4128
1908,0.1518
1909,0.3652
1910,0.3373
1911,0.1467
1912,0.2511
1913,0.1623
1914,0.2049
1915,0.0692
1916,0.2861
1917,0.1006
1918,0.3797
1919,0.3497
1920,0.0917
1921,0.2803
1922,0.1019
1923,0.2572
1924,0.3812
1925,0.4757
1926,0.3114
1927,0.1314
1928,0.0695
1929,0.2031
1930,0.3772
1931,0.1749
1932,0.1762
1933,0.1466
1934,0.243
1935,0.373
1936,0.3906
1937,0.4566
1938,0.118
1939,0.0296
1940,0.1542
1941,0.3553
1942,0.0736
1943,0.1666
1944,0.4259
1945,0.2301
1946,0.2872
1947,0.3476
1948,0.469
1949,0.2295
1950,0.3325
1951,0.0717
1952,0.1534
1953,0.0486
1954,0.0334
1955,0.4149
1956,0.4053
1957,0.3902
1958,0.3133
1959,0.321
1960,0.3282
1961,0.3762
1962,0.1012
1963,0.121
1964,0.1587
1965,0.3532
1966,0.3079
1967,0.2761
1968,0.1799
1969,0.2573
1970,0.3141
1971,0.3128
1972,0.1076
1973,0.2636
1974,0.1166
1975,0.29
1976,0.4598
1977,0.0428
1978,0.3252
1979,0.0828
1980,0.0407
1981,0.3434
1982,0.3365
1983,0.2504
1984,0.2283
1985,0.1099
1986,0.2037
1987,0.0834
1988,0.4179
1989,0.2819
1990,0.2542
1991,0.2411
1992,0.0806
1993,0.2407
1994,0.0418
1995,0.3639
1996,0.4156
1997,0.4531
1998,0.3411
1999,0.2049
2000,0.0458
2001,0.3092
2002,0.2259
2003,0.043
2004,0.0956
2005,0.4347
2006,0.2728
2007,0.4591
2008,0.2225
2009,0.0326
2010,0.1199
2011,0.4756
2012,0.3687
2013,0.2711
2014,0.3828
2015,0.0933
2016,0.0113
2017,0.0734
2018,0.0992
2019,0.3904
2020,0.3313
2021,0.3721
2022,0.3022
2023,0.4784
2024,0.2164
2025,0.1171
2026,0.2213
2027,0.1469
2028,0.0925
2029,0.2691
2030,0.4957
2031,0.0348
2032,0.3439
2033,0.0454
2034,0.2913
2035,0.095
2036,0.27
2037,0.1119
2038,0.3881
2039,0.0398
2040,0.1233
2041,0.0147
2042,0.0674
2043,0.1739
2044,0.4908
2045,0.2717
2046,0.1295
2047,0.1532
2048,0.1887
2049,0.236
2050,0.0818
2051,0.248
2052,0.3976
2053,0.3605
2054,0.291
2055,0.4451
2056,0.4045
2057,0.1678
2058,0.3555
2059,0.1118
2060,0.2681
2061,0.1868
2062,0.1444
2063,0.4898
2064,0.122
2065,0.0344
2066,0.1878
2067,0.0804
2068,0.3984
2069,0.0093
2070,0.1385
2071,0.2279
2072,0.2491
2073,0.2657
2074,0.0123
2075,0.3942
2076,0.4059
2077,0.0641
2078,0.1713
2079,0.3526
2080,0.3711
2081,0.1669
2082,0.3508
2083,0.3716
2084,0.3792
2085,0.1755
2086,0.204
2087,0.1235
2088,0.321
2089,0.0314
2090,0.2326
2091,0.4557
2092,0.3717
2093,0.0603
2094,0.2037
2095,0.0843
2096,0.4838
2097,0.0874
2098,0.0798
2099,0.0887
2100,0.1097
2101,0.1418
2102,0.0457
2103,0.3798
2104,0.0773
2105,0.122
2106,0.0219
2107,0.1883
2108,0.3392
2109,0.1704
2110,0.2441
2111,0.1469
2112,0.2008
2113,0.2775
2114,0.0641
2115,0.0108
2116,0.3611
2117,0.4402
2118,0.2268
2119,0.1598
2120,0.4886
2121,0.1706
2122,0.2683
2123,0.3821
2124,0.2005
2125,0.4959
2126,0.3615
2127,0.068
2128,0.1523
2129,0.3774
2130,0.0701
2131,0.3336
2132,0.3097
2133,0.261
2134,0.1325
2135,0.4593
2136,0.3459
2137,0.3754
2138,0.398
2139,0.2436
2140,0.3929
2141,0.4761
2142,0.3265
2143,0.3392
2144,0.181
2145,0.0529
2146,0.3432
2147,0.0272
2148,0.447
2149,0.0806
2150,0.3366
2151,0.4652
2152,0.4405
2153,0.038
2154,0.4853
2155,0.4313
2156,0.1772
2157,0.1825
2158,0.2943
2159,0.2962
2160,0.4435
2161,0.1987
2162,0.4967
2163,0.191
2164,0.1763
2165,0.1037
2166,0.4275
2167,0.1113
2168,0.4722
2169,0.289
2170,0.1092
2171,0.2588
2172,0.4454
2173,0.2541
2174,0.2446
2175,0.4927
2176,0.2507
2177,0.4532
2178,0.2651
2179,0.2799
2180,0.4588
2181,0.4223
2182,0.0429
2183,0.3489
2184,0.2085
2185,0.2168
2186,0.3116
2187,0.4338
2188,0.2776
2189,0.2733
2190,0.0617
2191,0.3578
2192,0.432
2193,0.2395
2194,0.4311
2195,0.1785
2196,0.1312
2197,0.0974
2198,0.0206
2199,0.4517
2200,0.1503
2201,0.3845
2202,0.2527
2203,0.101
2204,0.1636
2205,0.4152
2206,0.1455
2207,0.3968
2208,0.373
2209,0.2193
2210,0.1005
2211,0.4462
2212,0.3581
2213,0.4603
2214,0.2603
2215,0.4941
2216,0.2666
2217,0.1746
2218,0.4782
2219,0.2859
2220,0.0027
2221,0.019
2222,0.1128
2223,0.485
2224,0.419
2225,0.2708
2226,0.3866
2227,0.0347
2228,0.2348
2229,0.2866
2230,0.0756
2231,0.3761
2232,0.4966
2233,0.227
2234,0.166
2235,0.4538
2236,0.1859
2237,0.2472
2238,0.3533
2239,0.2139
2240,0.1634
2241,0.4886
2242,0.2839
2243,0.183
2244,0.2246
2245,0.3193
2246,0.2873
2247,0.2381
2248,0.1234
2249,0.4949
2250,0.489
2251,0.4648
2252,0.0857
2253,0.2203
2254,0.3162
2255,0.1257
2256,0.4663
2257,0.4446
2258,0.4284
2259,0.1115
2260,0.4473
2261,0.2605
2262,0.3811
2263,0.4123
2264,0.059
2265,0.0256
2266,0.2588
2267,0.3566
2268,0.4061
2269,0.1706
2270,0.1097
2271,0.284
2272,0.3353
2273,0.2401
2274,0.0775
2275,0.0285
2276,0.0164
2277,0.4173
2278,0.1647
2279,0.4845
2280,0.2835
2281,0.3814
2282,0.1287
2283,0.0427
2284,0.0395
2285,0.1876
2286,0.1886
2287,0.3868
2288,0.0481
2289,0.066
2290,0.003
2291,0.1742
2292,0.0597
2293,0.0305
2294,0.403
2295,0.1671
2296,0.0459
2297,0.0797
2298,0.357
2299,0.3409
2300,0.1501
2301,0.4912
2302,0.3236
2303,0.367
2304,0.4132
2305,0.2201
2306,0.3723
2307,0.167
2308,0.4586
2309,0.3548
2310,0.1245
2311,0.4933
2312,0.1881
2313,0.3941
2314,0.4526
2315,0.0788
2316,0.0434
2317,0.4968
2318,0.1153
2319,0.0292
2320,0.1787
2321,0.4815
2322,0.3828
2323,0.1981
2324,0.2645
2325,0.494
2326,0.3036
2327,0.0961
2328,0.3024
2329,0.053
2330,0.4844
2331,0.0536
2332,0.4347
2333,0.118
2334,0.0999
2335,0.4558
2336,0.2965
2337,0.1763
2338,0.0959
2339,0.0717
2340,0.3736
2341,0.0084
2342,0.2387
2343,0.2748
2344,0.0441
2345,0.0422
2346,0.1041
2347,0.4389
2348,0.2358
2349,0.1541
2350,0.0579
2351,0.3941
2352,0.4587
2353,0.4624
2354,0.3234
2355,0.3361
2356,0.3064
2357,0.3853
2358,0.0504
2359,0.3858
2360,0.1042
2361,0.2439
2362,0.3551
2363,0.3144
2364,0.338
2365,0.0535
2366,0.4522
2367,0.1187
2368,0.3778
2369,0.4787
2370,0.4596
2371,0.41
2372,0.365
2373,0.4044
2374,0.4062
2375,0.2261
2376,0.1995
2377,0.3632
2378,0.0043
2379,0.3367
2380,0.104
2381,0.42
2382,0.0697
2383,0.4254
2384,0.359
2385,0.1484
2386,0.1539
2387,0.4713
2388,0.281
2389,0.3612
2390,0.3071
2391,0.3408
2392,0.0233
2393,0.4357
2394,0.2772
2395,0.1798
2396,0.3285
2397,0.0449
2398,0.3739
2399,0.1782
2400,0.44
2401,0.4157
2402,0.4801
2403,0.4141
2404,0.0172
2405,0.4595
2406,0.4549
2407,0.4483
2408,0.3482
2409,0.0011
2410,0.2567
2411,0.1375
2412,0.0986
2413,0.1828
2414,0.3179
2415,0.2167
2416,0.0764
2417,0.1218
2418,0.3656
2419,0.4205
2420,0.0031
2421,0.1263
2422,0.2836
2423,0.2416
2424,0.4664
2425,0.255
2426,0.3277
2427,0.4119
2428,0.4376
2429,0.1397
2430,0.014
2431,0.1616
2432,0.2316
2433,0.0331
2434,0.2844
2435,0.2622
2436,0.0404
2437,0.3658
2438,0.3376
2439,0.1917
2440,0.2125
2441,0.4362
2442,0.2724
2443,0.3131
2444,0.1997
2445,0.4409
2446,0.2511
2447,0.0992
2448,0.443
2449,0.0346
2450,0.2326
2451,0.2353
2452,0.384
2453,0.4374
2454,0.2511
2455,0.3012
2456,0.2349
2457,0.2684
2458,0.2613
2459,0.0427
2460,0.4373
2461,0.0452
2462,0.3695
2463,0.4629
2464,0.229
2465,0.339
2466,0.2338
2467,0.0217
2468,0.4148
2469,0.0925
2470,0.0136
2471,0.0984
2472,0.0719
2473,0.4054
2474,0.4756
2475,0.3197
2476,0.3971
2477,0.2289
2478,0.2276
2479,0.0966
2480,0.0017
2481,0.1976
2482,0.0185
2483,0.3767
2484,0.0825
2485,0.1876
2486,0.1907
2487,0.2289
2488,0.4628
2489,0.4473
2490,0.0733
2491,0.0705
2492,0.0198
2493,0.1134
2494,0.3461
2495,0.0197
2496,0.2381
2497,0.071
2498,0.3198
2499,0.1655
2500,0.459
2501,0.2237
2502,0.1966
2503,0.3647
2504,0.0178
2505,0.1281
2506,0.0261
2507,0.3745
2508,0.4852
2509,0.4709
2510,0.0185
2511,0.3237
2512,0.01
2513,0.1656
2514,0.4111
2515,0.0285
2516,0.0057
2517,0.3991
2518,0.3314
2519,0.1977
2520,0.1007
2521,0.4357
2522,0.3509
2523,0.0199
2524,0.423
2525,0.3693
2526,0.2787
2527,0.2821
2528,0.0453
2529,0.1654
2530,0.3444
2531,0.4068
2532,0.2494
2533,0.1266
2534,0.0822
2535,0.0892
2536,0.3029
2537,0.4248
2538,0.3838
2539,0.4713
2540,0.4021
2541,0.0741
2542,0.467
2543,0.4887
2544,0.2211
2545,0.0405
2546,0.1121
2547,0.4761
2548,0.4462
2549,0.2529
2550,0.218
2551,0.2432
2552,0.4482
2553,0.1881
2554,0.0813
2555,0.1182
2556,0.4058
2557,0.1636
2558,0.0078
2559,0.3483
2560,0.124
2561,0.1275
2562,0.4554
2563,0.0385
2564,0.28
2565,0.2626
2566,0.1669
2567,0.2809
2568,0.3355
2569,0.1383
2570,0.0744
2571,0.0376
2572,0.3577
2573,0.0856
2574,0.3194
2575,0.3482
2576,0.2811
2577,0.2638
2578,0.4702
2579,0.4533
2580,0.1833
2581,0.1924
2582,0.1219
2583,0.219
2584,0.3907
2585,0.4337
2586,0.4476
2587,0.2865
2588,0.4339
2589,0.2523
2590,0.2414
2591,0.0858
2592,0.3287
2593,0.0768
2594,0.2231
2595,0.4684
2596,0.3301
2597,0.2233
2598,0.4701
2599,0.2795
2600,0.2513
2601,0.0137
2602,0.3651
2603,0.4805
2604,0.4759
2605,0.1361
2606,0.3263
2607,0.3136
2608,0.2567
2609,0.1643
2610,0.3897
2611,0.3049
2612,0.337
2613,0.3788
2614,0.1999
2615,0.4251
2616,0.1253
2617,0.3659
2618,0.4322
2619,0.4554
2620,0.1933
2621,0.4049
2622,0.0853
2623,0.443
2624,0.2193
2625,0.4218
2626,0.277
2627,0.1905
2628,0.4691
2629,0.1235
2630,0.0967
2631,0.3382
2632,0.1253
2633,0.4037
2634,0.0513
2635,0.1147
2636,0.0401
2637,0.3737
2638,0.3639
2639,0.199
2640,0.2569
2641,0.2326
2642,0.2757
2643,0.0021
2644,0.0198
2645,0.0862
2646,0.1079
2647,0.4268
2648,0.3616
2649,0.1443
2650,0.3992
2651,0.0406
2652,0.4614
2653,0.3378
2654,0.4087
2655,0.4333
2656,0.423
2657,0.4916
2658,0.2061
2659,0.4178
2660,0.4556
2661,0.0133
2662,0.071
2663,0.2623
2664,0.1992
2665,0.4942
2666,0.0199
2667,0.4044
2668,0.318
2669,0.1485
2670,0.1451
2671,0.1083
2672,0.3753
2673,0.1258
2674,0.0709
2675,0.3398
2676,0.166
2677,0.3685
2678,0.2727
2679,0.3766
2680,0.1191
2681,0.1514
2682,0.3237
2683,0.152
2684,0.3091
2685,0.2105
2686,0.1783
2687,0.2137
2688,0.0576
2689,0.4635
2690,0.495
2691,0.023
2692,0.06
2693,0.2216
2694,0.0076
2695,0.2249
2696,0.4339
2697,0.2667
2698,0.3751
2699,0.4703
2700,0.1944
2701,0.3832
2702,0.2706
2703,0.0268
2704,0.1471
2705,0.4819
2706,0.1699
2707,0.2967
2708,0.4132
2709,0.0283
2710,0.39
2711,0.3345
2712,0.1336
2713,0.179
2714,0.4927
2715,0.2332
2716,0.0816
2717,0.4393
2718,0.2885
2719,0.2339
2720,0.3066
2721,0.2602
2722,0.309
2723,0.0344
2724,0.0495
2725,0.4889
2726,0.2439
2727,0.0618
2728,0.1456
2729,0.4883
2730,0.0094
2731,0.1837
2732,0.497
2733,0.3731
2734,0.1598
2735,0.065
2736,0.436
2737,0.2165
2738,0.2045
2739,0.435
2740,0.2871
2741,0.0496
2742,0.4864
2743,0.0205
2744,0.0878
2745,0.418
2746,0.3689
2747,0.4101
2748,0.4051
2749,0.087
2750,0.4551
2751,0.1648
2752,0.2946
2753,0.3785
2754,0.4645
2755,0.1161
2756,0.1452
2757,0.0463
2758,0.0744
2759,0.2378
2760,0.0689
2761,0.183
2762,0.4302
2763,0.2426
2764,0.0608
2765,0.1521
2766,0.2664
2767,0.1152
2768,0.2287
2769,0.1833
2770,0.4709
2771,0.0154
2772,0.3316
2773,0.4794
2774,0.0416
2775,0.2887
2776,0.4278
2777,0.0398
2778,0.4254
2779,0.1492
2780,0.0176
2781,0.1441
2782,0.2983
2783,0.1763
2784,0.2826
2785,0.3747
2786,0.484
2787,0.128
2788,0.0826
2789,0.4173
2790,0.2366
2791,0.4362
2792,0.2662
2793,0.3971
2794,0.2252
2795,0.2932
2796,0.3666
2797,0.3085
2798,0.4962
2799,0.2737
2800,0.0086
2801,0.1818
2802,0.1273
2803,0.4915
2804,0.0421
2805,0.0185
2806,0.2925
2807,0.4749
2808,0.0574
2809,0.475
2810,0.4081
2811,0.2086
2812,0.1642
2813,0.3481
2814,0.0668
2815,0.3631
2816,0.2951
2817,0.472
2818,0.0486
2819,0.0267
2820,0.0987
2821,0.4674
2822,0.2202
2823,0.0765
2824,0.4584
2825,0.2601
2826,0.0154
2827,0.1065
2828,0.334
2829,0.2411
2830,0.3847
2831,0.4546
2832,0.3011
2833,0.3096
2834,0.3742
2835,0.0252
2836,0.1365
2837,0.3692
2838,0.0755
2839,0.3787
2840,0.1907
2841,0.0568
2842,0.3483
2843,0.2543
2844,0.2386
2845,0.397
2846,0.4282
2847,0.0802
2848,0.3777
2849,0.4898
2850,0.0324
2851,0.4709
2852,0.3785
2853,0.3642
2854,0.1221
2855,0.0018
2856,0.2237
2857,0.2496
2858,0.3838
2859,0.3086
2860,0.1434
2861,0.4482
2862,0.2262
2863,0.4965
2864,0.414
2865,0.426
2866,0.1075
2867,0.0274
2868,0.1781
2869,0.2473
2870,0.1368
2871,0.1371
2872,0.299
2873,0.4433
2874,0.2174
2875,0.0901
2876,0.3996
2877,0.1445
2878,0.427
2879,0.4236
2880,0.2622
2881,0.42
2882,0.4116
2883,0.4752
2884,0.2824
2885,0.3647
2886,0.3445
2887,0.2972
2888,0.1569
2889,0.2636
2890,0.4842
2891,0.2144
2892,0.3075
2893,0.2999
2894,0.1787
2895,0.0031
2896,0.1988
2897,0.2997
2898,0.2079
2899,0.0808
2900,0.0959
2901,0.4686
2902,0.4119
2903,0.3798
2904,0.2828
2905,0.0411
2906,0.3054
2907,0.2941
2908,0.278
2909,0.3896
2910,0.0524
2911,0.2332
2912,0.0147
2913,0.4066
2914,0.1749
2915,0.1702
2916,0.0567
2917,0.3209
2918,0.2621
2919,0.4742
2920,0.2707
2921,0.2896
2922,0.4881
2923,0.4091
2924,0.4523
2925,0.3049
2926,0.2552
2927,0.2227
2928,0.065
2929,0.2573
2930,0.0383
2931,0.2664
2932,0.1179
2933,0.4192
2934,0.3954
2935,0.187
2936,0.1676
2937,0.2698
2938,0.3768
2939,0.0052
2940,0.1905
2941,0.0471
2942,0.3721
2943,0.4815
2944,0.4571
2945,0.4258
2946,0.4329
2947,0.4157
2948,0.4781
2949,0.0434
2950,0.0473
2951,0.1138
2952,0.425
2953,0.4734
2954,0.272
2955,0.3997
2956,0.0063
2957,0.0791
2958,0.4491
2959,0.1114
2960,0.4987
2961,0.1017
2962,0.3511
2963,0.0451
2964,0.4703
2965,0.2686
2966,0.0632
2967,0.0274
2968,0.0992
2969,0.1038
2970,0.1417
2971,0.1034
2972,0.1128
2973,0.4571
2974,0.1844
2975,0.2224
2976,0.3505
2977,0.4904
2978,0.2466
2979,0.4712
2980,0.461
2981,0.1304
2982,0.1803
2983,0.1828
2984,0.2507
2985,0.4869
2986,0.1771
2987,0.0971
2988,0.0661
2989,0.3225
2990,0.0502
2991,0.2208
2992,0.3046
2993,0.0013
2994,0.1588
2995,0.2489
2996,0.4358
2997,0.1446
2998,0.0609
2999,0.2224
3000,0.1321
3001,0.1775
3002,0.166
3003,0.1179
3004,0.2768
3005,0.3782
3006,0.3877
3007,0.4825
3008,0.2711
3009,0.2257
3010,0.2582
3011,0.2144
3012,0.4936
3013,0.4446
3014,0.0077
3015,0.3252
3016,0.216
3017,0.2839
3018,0.4555
3019,0.3203
3020,0.4524
3021,0.1213
3022,0.1175
3023,0.4257
3024,0.1466
3025,0.0251
3026,0.1781
3027,0.4999
3028,0.0985
3029,0.2701
3030,0.2639
3031,0.4807
3032,0.3617
3033,0.4482
3034,0.0179
3035,0.4324
3036,0.0155
3037,0.2762
3038,0.1754
3039,0.0748
3040,0.2304
3041,0.4417
3042,0.0851
3043,0.232
3044,0.1627
3045,0.0104
3046,0.2726
3047,0.3889
3048,0.3659
3049,0.3274
3050,0.1132
3051,0.4879
3052,0.2052
3053,0.0407
3054,0.425
3055,0.0174
3056,0.499
3057,0.0237
3058,0.0604
3059,0.1665
3060,0.2902
3061,0.107
3062,0.3346
3063,0.4367
3064,0.4504
3065,0.3466
3066,0.1017
3067,0.0816
3068,0.2479
3069,0.3879
3070,0.3268
3071,0.0745
3072,0.3498
3073,0.2881
3074,0.1042
3075,0.2056
3076,0.0109
3077,0.4239
3078,0.2039
3079,0.2897
3080,0.1509
3081,0.2922
3082,0.3027
3083,0.1135
3084,0.245
3085,0.3509
3086,0.3192
3087,0.1295
3088,0.1334
3089,0.0883
3090,0.4822
3091,0.4129
3092,0.0914
3093,0.2637
3094,0.3841
3095,0.4578
3096,0.1263
3097,0.2621
3098,0.1427
3099,0.2225
3100,0.2294
3101,0.0162
3102,0.3803
3103,0.3159
3104,0.3183
3105,0.1165
3106,0.0313
3107,0.0113
3108,0.3639
3109,0.2248
3110,0.4102
3111,0.0918
3112,0.0214
3113,0.3206
3114,0.0166
3115,0.0244
3116,0.4778
3117,0.0082
3118,0.2504
3119,0.3856
3120,0.2628
3121,0.4205
3122,0.4365
3123,0.1521
3124,0.3052
3125,0.2595
3126,0.0093
3127,0.2005
3128,0.2386
3129,0.0426
3130,0.2403
3131,0.2981
3132,0.1819
3133,0.4599
3134,0.2282
3135,0.2758
3136,0.4503
3137,0.2162
3138,0.1616
3139,0.3656
3140,0.4867
3141,0.4331
3142,0.239
3143,0.2218
3144,0.2337
3145,0.4043
3146,0.2465
3147,0.4896
3148,0.4208
3149,0.1693
3150,0.1315
3151,0.0877
3152,0.1876
3153,0.3549
3154,0.05
3155,0.1346
3156,0.2494
3157,0.1585
3158,0.4655
3159,0.2533
3160,0.0529
3161,0.2519
3162,0.2093
3163,0.0582
3164,0.0369
3165,0.2095
3166,0.2442
3167,0.0506
3168,0.1038
3169,0.4969
3170,0.1984
3171,0.1093
3172,0.209
3173,0.1041
3174,0.2306
3175,0.0478
3176,0.1392
3177,0.1946
3178,0.2017
3179,0.2241
3180,0.3804
3181,0.3517
3182,0.2348
3183,0.175
3184,0.2514
3185,0.4007
3186,0.1842
3187,0.3155
3188,0.0197
3189,0.3727
3190,0.3889
3191,0.0448
3192,0.0519
3193,0.0521
3194,0.261
3195,0.0146
3196,0.0982
3197,0.1816
3198,0.3834
3199,0.2101
3200,0.1062
3201,0.2263
3202,0.1238
3203,0.1281
3204,0.3349
3205,0.3516
3206,0.1707
3207,0.2218
3208,0.0796
3209,0.4327
3210,0.3482
3211,0.0391
3212,0.3834
3213,0.3422
3214,0.1501
3215,0.2382
3216,0.2719
3217,0.4244
3218,0.117
3219,0.067
3220,0.189
3221,0.4265
3222,0.0246
3223,0.2579
3224,0.1395
3225,0.3825
3226,0.0644
3227,0.1903
3228,0.414
3229,0.1866
3230,0.0239
3231,0.3377
3232,0.406
3233,0.3833
3234,0.1851
3235,0.3884
3236,0.0617
3237,0.3458
3238,0.3223
3239,0.243
3240,0.2382
3241,0.1587
3242,0.2654
3243,0.0394
3244,0.0364
3245,0.2792
3246,0.4099
3247,0.2567
3248,0.4684
3249,0.2633
3250,0.1095
3251,0.469
3252,0.003
3253,0.0488
3254,0.0557
3255,0.0525
3256,0.1606
3257,0.0692
3258,0.1194
3259,0.4352
3260,0.4504
3261,0.0658
3262,0.3399
3263,0.3225
3264,0.295
3265,0.1285
3266,0.1899
3267,0.2431
3268,0.1278
3269,0.044
3270,0.0633
3271,0.3452
3272,0.0212
3273,0.2007
3274,0.1015
3275,0.292
3276,0.0074
3277,0.3326
3278,0.1093
3279,0.0251
3280,0.1151
3281,0.039
3282,0.0177
3283,0.0453
3284,0.4701
3285,0.1689
3286,0.0062
3287,0.2666
3288,0.4433
3289,0.2684
3290,0.2479
3291,0.2629
3292,0.065
3293,0.0795
3294,0.3261
3295,0.4497
3296,0.2946
3297,0.1709
3298,0.0124
3299,0.4161
3300,0.1216
3301,0.2461
3302,0.1461
3303,0.3244
3304,0.2732
3305,0.4127
3306,0.0984
3307,0.0362
3308,0.2487
3309,0.0254
3310,0.483
3311,0.1552
3312,0.0272
3313,0.0715
3314,0.1214
3315,0.0193
3316,0.3109
3317,0.0853
3318,0.1666
3319,0.0086
3320,0.4105
3321,0.4952
3322,0.448
3323,0.1741
3324,0.3185
3325,0.0346
3326,0.2505
3327,0.1163
3328,0.0447
3329,0.006
3330,0.2825
3331,0.1297
3332,0.3852
3333,0.1916
3334,0.4007
3335,0.0573
3336,0.2775
3337,0.0562
3338,0.099
3339,0.4527
3340,0.2461
3341,0.0587
3342,0.359
3343,0.3337
3344,0.21
3345,0.4788
3346,0.3947
3347,0.2944
3348,0.2514
3349,0.0288
3350,0.0444
3351,0.4506
3352,0.0239
3353,0.3867
3354,0.0204
3355,0.366
3356,0.3847
3357,0.1185
3358,0.0642
3359,0.1792
3360,0.4328
3361,0.1083
3362,0.3103
3363,0.3212
3364,0.3471
3365,0.2672
3366,0.3956
3367,0.4309
3368,0.3759
3369,0.4933
3370,0.2825
3371,0.0829
3372,0.0402
3373,0.2582
3374,0.222
3375,0.2405
3376,0.044
3377,0.36
3378,6e-04
3379,0.2017
3380,0.1717
3381,0.3794
3382,0.2285
3383,0.4838
3384,0.1968
3385,0.3184
3386,0.2193
3387,0.1902
3388,0.1826
3389,0.4945
3390,0.2681
3391,0.0744
3392,0.2201
3393,0.2818
3394,0.2662
3395,0.4046
3396,0.4691
3397,0.1
3398,0.4066
3399,0.3564
3400,0.1228
3401,0.4321
3402,0.0583
3403,0.3343
3404,0.4473
3405,0.0935
3406,0.271
3407,0.101
3408,0.2902
3409,0.0236
3410,0.4794
3411,0.3911
3412,0.3822
3413,0.04
3414,0.0579
3415,0.4511
3416,0.4253
3417,0.4408
3418,0.469
3419,0.4797
3420,0.0344
3421,0.0022
3422,0.3174
3423,0.3194
3424,0.0686
3425,0.385
3426,0.1963
3427,0.2536
3428,0.38
3429,0.3742
3430,0.278
3431,0.0674
3432,0.4934
3433,0.4215
3434,0.2735
3435,0.4994
3436,0.318
3437,0.3306
3438,0.0799
3439,0.125
3440,0.3841
3441,0.1727
3442,0.068
3443,0.0455
3444,0.0834
3445,0.0076
3446,0.0684
3447,0.4863
3448,0.2358
3449,0.0383
3450,0.0901
3451,0.2882
3452,0.4384
3453,0.0758
3454,0.1863
3455,0.0235
3456,0.453
3457,0.478
3458,0.2612
3459,0.4655
3460,0.051
3461,0.3781
3462,0.2196
3463,0.1025
3464,0.0231
3465,0.178
3466,0.4951
3467,0.2299
3468,0.0307
3469,0.3767
3470,0.0735
3471,0.3917
3472,0.2898
3473,0.0947
3474,0.2218
3475,0.0394
3476,0.4693
3477,0.063
3478,0.1084
3479,0.3882
3480,0.1772
3481,0.0779
3482,0.0673
3483,0.172
3484,0.4636
3485,0.2421
3486,0.015
3487,0.4178
3488,0.1016
3489,0.2127
3490,0.2623
3491,0.1317
3492,0.4503
3493,0.1606
3494,0.0049
3495,0.381
3496,0.1816
3497,0.1724
3498,0.3922
3499,0.4157
3500,0.0148
3501,0.2463
3502,0.477
3503,0.0641
3504,0.0359
3505,0.2156
3506,0.0841
3507,0.1936
3508,0.4963
3509,0.0872
3510,0.4244
3511,0.0861
3512,0.0598
3513,0.1522
3514,0.2162
3515,0.3039
3516,0.3111
3517,0.1026
3518,0.2242
3519,0.3673
3520,0.4363
3521,0.227
3522,0.2872
3523,0.2885
3524,0.2528
3525,0.1337
3526,0.1228
3527,0.2523
3528,0.1722
3529,0.1941
3530,0.0891
3531,0.3856
3532,0.2062
3533,0.1117
3534,0.1412
3535,0.3516
3536,0.3609
3537,0.3429
3538,0.0186
3539,0.3872
3540,0.1359
3541,0.4765
3542,0.437
3543,0.1936
3544,0.26
3545,0.0196
3546,0.2007
3547,0.352
3548,0.3091
3549,0.015
3550,0.3519
3551,0.4792
3552,0.1171
3553,0.2131
3554,0.483
3555,0.4407
3556,0.128
3557,0.0391
3558,0.1428
3559,0.2413
3560,0.2057
3561,0.3909
3562,0.0097
3563,0.0369
3564,0.3806
3565,0.0586
3566,0.2858
3567,0.3336
3568,0.2377
3569,0.0701
3570,0.3382
3571,0.3949
3572,0.0545
3573,0.474
3574,0.316
3575,0.4363
3576,0.4662
3577,0.4119
3578,0.3674
3579,0.3765
3580,0.2486
3581,0.2956
3582,0.2806
3583,0.4532
3584,0.1712
3585,0.0186
3586,0.0111
3587,0.2495
3588,0.126
3589,0.327
3590,0.1902
3591,0.2532
3592,0.1271
3593,0.4487
3594,0.4871
3595,0.2992
3596,0.0298
3597,0.1904
3598,0.4748
3599,0.4349
3600,0.052
3601,0.3793
3602,0.3318
3603,0.4924
3604,0.2976
3605,0.167
3606,0.1228
3607,0.3779
3608,0.2641
3609,0.0096
3610,0.2105
3611,0.0219
3612,0.243
3613,0.0519
3614,0.045
3615,0.0835
3616,0.126
3617,0.2437
3618,0.4932
3619,0.333
3620,0.4925
3621,0.0587
3622,0.3369
3623,0.4743
3624,0.1754
3625,0.4205
3626,0.3319
3627,0.3102
3628,0.4815
3629,0.3039
3630,0.4086
3631,0.1208
3632,0.4585
3633,0.1307
3634,0.0714
3635,0.4673
3636,0.4776
3637,0.4315
3638,0.2309
3639,0.0693
3640,0.2334
3641,0.379
3642,0.12
3643,0.2771
3644,0.3724
3645,0.4167
3646,0.2902
3647,0.3394
3648,0.0929
3649,0.2279
3650,0.4667
3651,0.032
3652,0.1841
3653,0.4739
3654,0.1278
3655,0.4263
3656,0.1192
3657,0.4646
3658,0.2882
3659,0.0401
3660,0.2953
3661,0.2038
3662,0.3643
3663,0.2654
3664,0.1613
3665,0.3291
3666,0.2423
3667,0.315
3668,0.4037
3669,0.1681
3670,0.1569
3671,0.3279
3672,0.1528
3673,0.1081
3674,0.1945
3675,0.2636
3676,0.455
3677,0.4963
3678,0.3116
3679,0.0486
3680,0.2393
3681,0.2009
3682,0.0491
3683,0.0677
3684,0.492
3685,0.0202
3686,0.31
3687,0.1857
3688,0.2481
3689,0.3761
3690,0.4699
3691,0.4907
3692,0.2325
3693,0.3713
3694,0.4873
3695,0.4969
3696,0.1877
3697,0.0137
3698,0.2891
3699,0.2229
3700,0.2404
3701,0.3356
3702,0.4495
3703,0.1401
3704,0.0044
3705,0.3904
3706,0.2785
3707,0.4873
3708,0.4761
3709,0.1444
3710,0.2947
3711,0.1822
3712,0.1614
3713,0.4121
3714,0.475
3715,0.2593
3716,0.3183
3717,0.4137
3718,0.1605
3719,0.4521
3720,0.0217
3721,0.0474
3722,0.1652
3723,0.1935
3724,0.2374
3725,0.1625
3726,0.3262
3727,0.3159
3728,0.1328
3729,0.1199
3730,0.3358
3731,0.1288
3732,0.2412
3733,0.2481
3734,0.257
3735,0.106
3736,0.3159
3737,0.3229
3738,0.2183
3739,0.4296
3740,0.1436
3741,0.0967
3742,0.0851
3743,0.4769
3744,0.2428
3745,0.4881
3746,0.0329
3747,0.2936
3748,0.2914
3749,0.0617
3750,0.2771
3751,0.0276
3752,0.3486
3753,0.227
3754,0.0264
3755,0.1319
3756,0.2082
3757,0.2911
3758,0.4151
3759,0.2332
3760,0.3363
3761,0.296
3762,0.3377
3763,0.2636
3764,0.3911
3765,0.1989
3766,0.2839
3767,0.0259
3768,0.187
3769,0.3033
3770,0.1808
3771,0.0665
3772,0.2177
3773,0.1954
3774,0.4365
3775,0.2354
3776,0.201
3777,0.0119
3778,0.1968
3779,0.0875
3780,0.076
3781,0.25
3782,0.2716
3783,0.343
3784,0.0453
3785,0.4983
3786,0.1742
3787,0.4343
3788,0.2888
3789,0.4674
3790,0.4799
3791,0.4327
3792,0.0459
3793,0.0611
3794,0.4735
3795,0.3534
3796,0.3271
3797,0.022
3798,0.1878
3799,0.1787
3800,0.1111
3801,0.3378
3802,0.0332
3803,0.3639
3804,0.0974
3805,0.3615
3806,0.3108
3807,0.3439
3808,0.3451
3809,0.0046
3810,0.1694
3811,0.1143
3812,0.1112
3813,0.3453
3814,0.366
3815,0.1608
3816,0.3105
3817,0.4336
3818,0.4645
3819,0.4384
3820,0.4461
3821,0.2599
3822,0.4344
3823,0.455
3824,0.2987
3825,0.2597
3826,0.1881
3827,0.1389
3828,0.2186
3829,0.318
3830,0.3211
3831,0.0321
3832,0.0275
3833,0.2872
3834,0.4214
3835,0.4821
3836,0.3167
3837,0.1536
3838,0.3728
3839,0.4802
3840,0.313
3841,0.1779
3842,0.218
3843,0.1525
3844,0.0327
3845,0.0274
3846,0.3641
3847,0.2244
3848,0.481
3849,0.2852
3850,0.3604
3851,0.102
3852,0.3164
3853,0.1781
3854,0.1467
3855,0.1711
3856,0.2325
3857,0.4867
3858,0.2009
3859,0.2457
3860,0.2205
3861,0.2522
3862,0.1313
3863,0.0157
3864,0.1372
3865,0.4566
3866,0.499
3867,0.0194
3868,0.1098
3869,0.075
3870,0.3238
3871,0.4327
3872,0.1384
3873,0.2983
3874,0.169
3875,0.023
3876,0.1911
3877,0.3321
3878,0.4297
3879,0.2156
3880,0.425
3881,0.0835
3882,0.3537
3883,0.4136
3884,0.0463
3885,0.497
3886,0.0995
3887,0.431
3888,0.2041
3889,0.0565
3890,0.2696
3891,0.1535
3892,0.2942
3893,0.1661
3894,0.2246
3895,0.3622
3896,0.2735
3897,0.4684
3898,0.3953
3899,0.2883
3900,0.0379
3901,0.0418
3902,0.223
3903,0.31
3904,0.39
3905,0.4072
3906,0.2392
3907,0.3324
3908,0.1944
3909,0.0056
3910,0.4654
3911,0.0665
3912,0.4893
3913,0.0273
3914,0.3698
3915,0.0172
3916,0.3253
3917,0.0731
3918,0.2707
3919,0.2207
3920,0.0072
3921,0.0793
3922,0.4817
3923,0.0086
3924,0.1253
3925,0.4546
3926,0.0747
3927,0.148
3928,0.1892
3929,0.3865
3930,0.4646
3931,0.256
3932,0.3384
3933,0.4638
3934,0.2675
3935,0.2519
3936,0.0765
3937,0.262
3938,0.4117
3939,0.2979
3940,0.0972
3941,0.4329
3942,0.0289
3943,0.4368
3944,0.0692
3945,0.0729
3946,0.0499
3947,0.1638
3948,0.1311
3949,0.0741
3950,0.4849
3951,0.2758
3952,0.4681
3953,0.1032
3954,0.3481
3955,0.1785
3956,0.3752
3957,0.3897
3958,0.1171
3959,0.1495
3960,0.0064
3961,0.2426
3962,0.1997
3963,0.1666
3964,0.4866
3965,0.4145
3966,0.3674
3967,0.2543
3968,0.2042
3969,0.0383
3970,0.2677
3971,0.3229
3972,0.4351
3973,0.0077
3974,0.2835
3975,0.2854
3976,0.3398
3977,0.4642
3978,0.1355
3979,0.296
3980,0.0304
3981,0.2842
3982,0.3476
3983,0.373
3984,0.4961
3985,0.0423
3986,0.2291
3987,0.2902
3988,0.3972
3989,0.0626
3990,0.1814
3991,0.2328
3992,0.2427
3993,0.1855
3994,0.0673
3995,0.357
3996,0.412
3997,0.4981
3998,0.0776
3999,0.3148
4000,0.4075
4001,0.4198
4002,0.3995
4003,0.4672
4004,0.3992
4005,0.045
4006,0.2382
4007,0.2286
4008,0.435
4009,0.2636
4010,0.4117
4011,0.0367
4012,0.2879
4013,0.2921
4014,0.0524
4015,0.2474
4016,0.1985
4017,0.2276
4018,0.4233
4019,0.3147
4020,0.4634
4021,0.3308
4022,0.3587
4023,0.487
4024,0.348
4025,0.496
4026,0.4413
4027,0.4147
4028,0.2725
4029,0.1326
4030,0.0329
4031,0.4633
4032,0.3335
4033,0.317
4034,0.1644
4035,0.3588
4036,0.1792
4037,0.1657
4038,0.0626
4039,0.0862
4040,0.1279
4041,0.0113
4042,0.4751
4043,0.1375
4044,0.0483
4045,0.0907
4046,0.3331
4047,0.0081
4048,0.2965
4049,0.241
4050,0.2139
4051,0.349
4052,0.1601
4053,0.1796
4054,0.2798
4055,0.0836
4056,0.2944
4057,0.0247
4058,0.3158
4059,0.2017
4060,0.26
4061,0.3074
4062,0.0461
4063,0.201
4064,0.4342
4065,0.3257
4066,0.4042
4067,0.3951
4068,0.4915
4069,0.0082
4070,0.1565
4071,0.2391
4072,0.2864
4073,0.1289
4074,0.0795
4075,0.1544
4076,0.0444
4077,0.0679
4078,0.3783
4079,0.2401
4080,0.3864
4081,0.464
4082,0.1968
4083,0.1672
4084,0.3667
4085,0.1472
4086,0.0036
4087,0.2534
4088,0.3866
4089,0.0821
4090,0.1623
4091,0.302
4092,0.4229
4093,0.4178
4094,0.236
4095,0.4293
4096,0.1239
4097,0.2774
4098,0.302
4099,0.361
4100,0.2654
4101,0.3716
4102,0.1339
4103,0.3855
4104,0.4272
4105,0.0622
4106,0.2841
4107,0.3235
4108,0.2294
4109,0.3545
4110,0.1662
4111,0.0368
4112,0.15
4113,0.2254
4114,0.2338
4115,0.3774
4116,0.2173
4117,0.0263
4118,0.4104
4119,0.3752
4120,0.4375
4121,0.2817
4122,0.4022
4123,0.3439
4124,0.385
4125,0.1652
4126,0.1854
4127,0.3169
4128,0.3549
4129,0.1341
4130,0.1481
4131,0.4905
4132,0.4874
4133,0.1305
4134,0.3358
4135,0.029
4136,0.4867
4137,0.1274
4138,0.4229
4139,0.2432
4140,0.3959
4141,0.1376
4142,0.2896
4143,0.0263
4144,0.2316
4145,0.4931
4146,0.0651
4147,0.0784
4148,0.3394
4149,0.3731
4150,0.3813
4151,0.356
4152,0.2024
4153,0.0732
4154,0.3005
4155,0.4214
4156,0.2329
4157,0.3082
4158,0.1608
4159,0.2582
4160,0.1665
4161,0.4961
4162,0.293
4163,0.1978
4164,0.0052
4165,0.2854
4166,0.377
4167,0.1289
4168,0.2089
4169,0.4186
4170,0.2126
4171,0.1403
4172,0.1236
4173,0.4205
4174,0.1245
4175,0.3953
4176,0.3728
4177,0.0252
4178,0.2458
4179,0.2187
4180,0.2225
4181,0.1836
4182,0.1471
4183,0.1151
4184,0.008
4185,0.0548
4186,0.3946
4187,0.0872
4188,0.3551
4189,0.3734
4190,0.3962
4191,0.2867
4192,0.4103
4193,0.1062
4194,0.4434
4195,0.0652
4196,0.264
4197,0.4756
4198,0.1789
4199,0.2405
4200,0.2572
4201,0.4908
4202,0.4777
4203,0.161
4204,0.4484
4205,0.0044
4206,0.0647
4207,0.4645
4208,0.0674
4209,0.4928
4210,0.4991
4211,0.0532
4212,0.1764
4213,0.3885
4214,0.3549
4215,0.0288
4216,0.0666
4217,0.3737
4218,0.0479
4219,0.1792
4220,0.4417
4221,0.0035
4222,0.3032
4223,0.2346
4224,0.3031
4225,0.1891
4226,0.2756
4227,0.0383
4228,0.4255
4229,0.2142
4230,0.0617
4231,0.2569
4232,0.0078
4233,0.2421
4234,0.495
4235,0.4435
4236,0.1925
4237,0.2148
4238,0.1171
4239,0.0614
4240,0.2725
4241,0.4728
4242,0.1105
4243,0.0946
4244,0.2786
4245,0.4839
4246,0.4869
4247,0.4663
4248,0.4972
4249,0.2657
4250,0.3362
4251,0.228
4252,0.1365
4253,0.1855
4254,0.4256
4255,0.1903
4256,0.0744
4257,0.3236
4258,0.2475
4259,0.2524
4260,0.0301
4261,0.383
4262,0.0735
4263,0.0724
4264,0.3059
4265,0.1247
4266,0.2832
4267,0.3616
4268,0.1058
4269,0.3144
4270,0.0873
4271,0.3145
4272,0.0526
4273,0.3969
4274,0.0843
4275,0.3541
4276,0.0547
4277,0.066
4278,0.1213
4279,0.1881
4280,0.0409
4281,0.0531
4282,0.2199
4283,0.0429
4284,0.0335
4285,0.2757
4286,0.0954
4287,0.445
4288,0.3196
4289,0.4415
4290,0.1133
4291,0.25
4292,0.253
4293,0.1059
4294,0.4546
4295,0.0727
4296,0.3783
4297,0.1083
4298,0.0088
4299,0.3861
4300,0.1567
4301,0.443
4302,0.1189
4303,0.201
4304,0.2449
4305,0.2774
4306,0.4484
4307,0.0363
4308,0.1027
4309,0.2777
4310,0.4583
4311,0.41
4312,0.2507
4313,0.3735
4314,0.0841
4315,0.4348
4316,0.404
4317,0.3487
4318,0.3236
4319,0.0603
4320,0.3362
4321,0.1199
4322,0.0404
4323,0.0503
4324,0.4521
4325,0.2265
4326,0.2641
4327,0.1622
4328,0.4323
4329,0.0344
4330,0.1056
4331,0.4997
4332,0.4355
4333,0.4947
4334,0.1898
4335,0.2391
4336,0.0878
4337,0.1711
4338,0.0532
4339,0.3463
4340,0.2408
4341,0.0759
4342,0.4627
4343,0.4555
4344,0.3989
4345,0.2095
4346,0.1487
4347,0.0465
4348,0.2374
4349,0.1858
4350,0.4461
4351,0.1844
4352,0.4
4353,0.0234
4354,0.1896
4355,0.2085
4356,0.0851
4357,0.2607
4358,0.013
4359,0.4633
4360,0.1823
4361,0.1472
4362,0.1335
4363,0.1068
4364,0.0782
4365,0.189
4366,0.3549
4367,0.057
4368,0.2035
4369,0.4541
4370,9e-04
4371,0.0077
4372,0.332
4373,0.2628
4374,0.418
4375,0.2479
4376,0.0329
4377,0.1772
4378,0.1671
4379,0.4486
4380,0.0379
4381,0.4396
4382,0.3534
4383,0.2644
4384,0.4205
4385,0.2945
4386,0.3133
4387,0.1041
4388,0.1274
4389,0.3644
4390,0.1284
4391,0.1586
4392,0.4332
4393,0.0723
4394,0.4026
4395,0.3854
4396,0.384
4397,0.4408
4398,0.1128
4399,0.4133
4400,0.0464
4401,0.1121
4402,0.4627
4403,0.4416
4404,0.3601
4405,0.3516
4406,0.2734
4407,0.1381
4408,0.4087
4409,0.3046
4410,0.2956
4411,0.3736
4412,0.4221
4413,0.465
4414,0.146
4415,0.007
4416,0.3625
4417,0.0949
4418,0.0401
4419,0.1833
4420,0.2854
4421,0.384
4422,0.2498
4423,0.4429
4424,0.407
4425,0.427
4426,0.0479
4427,0.3237
4428,0.2195
4429,0.0898
4430,0.1467
4431,0.3617
4432,0.2323
4433,0.0456
4434,0.2376
4435,0.2855
4436,0.0145
4437,0.2475
4438,0.181
4439,0.3922
4440,8e-04
4441,0.3374
4442,0.2824
4443,0.0922
4444,0.0937
4445,0.0734
4446,0.3112
4447,0.4726
4448,0.1227
4449,0.2559
4450,0.2643
4451,0.1399
4452,0.1236
4453,0.2872
4454,0.1384
4455,0.0785
4456,0.1411
4457,0.4194
4458,0.2644
4459,0.4889
4460,0.4656
4461,0.2433
4462,0.3718
4463,0.3287
4464,0.2352
4465,0.0863
4466,0.3837
4467,0.2431
4468,0.4973
4469,0.4928
4470,0.4722
4471,0.4604
4472,0.1865
4473,0.3854
4474,0.2698
4475,0.1756
4476,0.2488
4477,0.1034
4478,0.4915
4479,0.1914
4480,0.3515
4481,0.1311
4482,0.4869
4483,0.18
4484,0.3617
4485,0.3982
4486,0.216
4487,0.0869
4488,0.3034
4489,0.051
4490,0.0113
4491,0.0458
4492,0.4774
4493,0.163
4494,0.4762
4495,0.2086
4496,0.1862
4497,0.3856
4498,0.0103
4499,0.0714
4500,0.4405
4501,0.0307
4502,0.4784
4503,0.1048
4504,0.419
4505,0.3569
4506,0.3075
4507,0.0079
4508,0.2565
4509,0.3809
4510,0.0811
4511,0.1771
4512,0.4243
4513,0.3564
4514,0.4243
4515,0.3301
4516,0.1026
4517,0.2326
4518,0.1686
4519,0.0515
4520,0.3276
4521,0.3731
4522,0.3045
4523,0.4645
4524,0.2423
4525,0.4331
4526,0.2637
4527,0.4556
4528,0.033
4529,0.0206
4530,0.144
4531,0.4359
4532,0.4898
4533,0.4196
4534,0.2396
4535,0.0605
4536,0.1497
4537,0.0239
4538,0.3791
4539,0.0463
4540,0.2847
4541,0.0405
4542,0.3906
4543,0.0659
4544,0.3929
4545,0.0203
4546,0.3627
4547,0.3893
4548,0.2528
4549,0.4584
4550,0.4803
4551,0.304
4552,0.1392
4553,0.1023
4554,0.3856
4555,0.4852
4556,0.2157
4557,0.0269
4558,0.2397
4559,0.3946
4560,0.1754
4561,0.224
4562,0.11
4563,0.1704
4564,0.3422
4565,0.4663
4566,0.4851
4567,0.4389
4568,0.2488
4569,0.4209
4570,0.1629
4571,0.012
4572,0.1918
4573,0.2523
4574,0.3956
4575,0.1465
4576,0.3541
4577,0.2875
4578,0.2992
4579,0.0753
4580,0.4944
4581,0.2294
4582,0.4224
4583,0.3308
4584,0.0021
4585,0.4803
4586,0.2474
4587,0.0378
4588,0.1157
4589,0.3408
4590,0.3966
4591,0.0881
4592,0.3519
4593,0.2971
4594,0.1387
4595,0.4384
4596,0.2198
4597,0.4101
4598,0.4031
4599,0.1789
4600,0.2551
4601,0.1947
4602,0.1505
4603,0.4283
4604,0.2577
4605,0.2422
4606,0.1215
4607,0.1338
4608,0.0084
4609,0.4521
4610,0.3736
4611,0.2574
4612,0.135
4613,0.0602
4614,0.0382
4615,0.2156
4616,0.0779
4617,0.104
4618,0.4815
4619,0.429
4620,0.0359
4621,0.0976
4622,0.3417
4623,0.428
4624,0.4092
4625,0.0235
4626,0.4927
4627,0.2919
4628,0.1977
4629,0.0347
4630,0.4289
4631,0.3698
4632,0.1318
4633,0.3557
4634,0.2436
4635,0.2202
4636,0.2814
4637,0.1397
4638,0.2094
4639,0.4044
4640,0.4778
4641,0.0571
4642,0.2191
4643,0.3555
4644,0.1172
4645,0.3627
4646,0.3947
4647,0.3243
4648,0.2038
4649,0.1563
4650,0.0491
4651,0.1106
4652,0.2957
4653,0.2093
4654,0.0188
4655,0.2378
4656,0.3476
4657,0.0065
4658,0.4927
4659,0.0456
4660,0.3634
4661,0.4596
4662,0.4542
4663,0.2915
4664,0.1847
4665,0.3864
4666,0.0209
4667,0.0154
4668,0.205
4669,0.2013
4670,0.3086
4671,0.198
4672,0.3747
4673,0.2586
4674,0.329
4675,0.0867
4676,0.2541
4677,0.1684
4678,0.1654
4679,0.256
4680,0.0942
4681,0.2543
4682,0.2726
4683,0.2618
4684,0.2454
4685,0.3307
4686,0.1713
4687,0.1162
4688,0.0478
4689,0.4341
4690,0.0571
4691,0.1263
4692,0.2432
4693,0.3911
4694,0.2547
4695,0.0191
4696,0.0802
4697,0.4724
4698,0.4751
4699,0.27
4700,0.0117
4701,0.0513
4702,0.3343
4703,0.4887
4704,0.3658
4705,0.4077
4706,0.376
4707,0.2257
4708,0.1482
4709,0.057
4710,0.4411
4711,0.4614
4712,0.2173
4713,0.2886
4714,0.2158
4715,0.3634
4716,0.463
4717,0.0821
4718,0.1917
4719,0.1576
4720,0.2657
4721,0.1851
4722,0.2247
4723,0.0619
4724,0.4292
4725,0.374
4726,0.3555
4727,0.4497
4728,0.2616
4729,0.4449
4730,0.4874
4731,0.2505
4732,0.3046
4733,0.3728
4734,0.0677
4735,0.0873
4736,0.0466
4737,0.1527
4738,0.0428
4739,0.4327
4740,0.0941
4741,0.1751
4742,0.0887
4743,0.044
4744,0.4345
4745,0.1835
4746,0.2842
4747,0.4156
4748,0.0279
4749,0.293
4750,0.0885
4751,0.1235
4752,0.1004
4753,0.0724
4754,0.3317
4755,0.2412
4756,0.1594
4757,0.3282
4758,0.0063
4759,0.3919
4760,0.1427
4761,0.2478
4762,0.3247
4763,0.3928
4764,0.3068
4765,0.2851
4766,0.2926
4767,0.2929
4768,0.1908
4769,0.3601
4770,0.2433
4771,0.2182
4772,0.398
4773,0.3225
4774,0.0146
4775,0.4929
4776,0.4479
4777,0.0547
4778,0.269
4779,0.1249
4780,0.068
4781,0.3154
4782,0.1274
4783,0.3418
4784,0.0679
4785,0.2157
4786,0.2875
4787,0.4449
4788,0.2957
4789,0.2576
4790,0.4115
4791,0.4411
4792,0.0498
4793,0.13
4794,0.1701
4795,0.4166
4796,0.3393
4797,0.3881
4798,0.3013
4799,0.0913
4800,0.2995
4801,0.2853
4802,0.4438
4803,0.0824
4804,0.4953
4805,0.4444
4806,0.0704
4807,0.3666
4808,0.3936
4809,0.1088
4810,0.1794
4811,0.0567
4812,0.1135
4813,0.2349
4814,0.3251
4815,0.3015
4816,0.1045
4817,0.385
4818,0.3276
4819,0.0454
4820,0.2
4821,0.1738
4822,0.3232
4823,0.2117
4824,0.4537
4825,0.496
4826,0.1357
4827,0.308
4828,0.127
4829,0.171
4830,0.318
4831,0.0977
4832,0.4129
4833,0.281
4834,0.4525
4835,0.2872
4836,0.2633
4837,0.0581
4838,0.0328
4839,0.239
4840,0.2902
4841,0.2707
4842,0.4746
4843,0.0707
4844,0.0762
4845,0.1225
4846,0.4261
4847,0.4378
4848,0.39
4849,0.2964
4850,0.3444
4851,0.0178
4852,0.2948
4853,0.2251
4854,0.0528
4855,0.3932
4856,0.1875
4857,0.2502
4858,0.4699
4859,0.0546
4860,0.2358
4861,0.2709
4862,0.0408
4863,0.4322
4864,0.3396
4865,0.3601
4866,0.028
4867,0.0749
4868,0.3308
4869,0.1378
4870,0.3159
4871,0.1399
4872,0.4074
4873,0.3853
4874,0.2604
4875,0.4762
4876,0.2878
4877,0.0173
4878,0.2302
4879,0.0202
4880,0.4882
4881,0.3337
4882,0.178
4883,0.0498
4884,0.2476
4885,0.3763
4886,0.1871
4887,0.1783
4888,0.3618
4889,0.2622
4890,0.2498
4891,0.4856
4892,0.3124
4893,0.2278
4894,0.3791
4895,0.4243
4896,0.3361
4897,0.4849
4898,0.1418
4899,0.2921
4900,0.0982
4901,0.0502
4902,0.0279
4903,0.0339
4904,0.3831
4905,0.1525
4906,0.2159
4907,0.4782
4908,0.4707
4909,0.3005
4910,0.1603
4911,0.4559
4912,0.2412
4913,0.4557
4914,0.0599
4915,0.0112
4916,0.1927
4917,0.4645
4918,0.4741
4919,0.1314
4920,0.0366
4921,0.106
4922,0.0107
4923,0.1607
4924,0.0893
4925,0.2572
4926,0.2508
4927,0.371
4928,0.2102
4929,0.2261
4930,0.3895
4931,0.4711
4932,0.2118
4933,0.0078
4934,0.4444
4935,0.3544
4936,0.1275
4937,0.4396
4938,0.2289
4939,0.3895
4940,0.1403
4941,0.1969
4942,0.24
4943,0.2767
4944,0.3849
4945,0.1292
4946,0.3911
4947,0.1935
4948,0.2502
4949,0.042
4950,0.1976
4951,0.2798
4952,0.1108
4953,0.193
4954,0.2811
4955,0.0345
4956,0.3159
4957,0.0777
4958,0.0708
4959,0.2225
4960,0.4169
4961,0.0422
4962,0.4202
4963,0.0631
4964,0.4996
4965,0.1327
4966,0.3735
4967,0.2007
4968,0.0689
4969,0.228
4970,0.1803
4971,0.2931
4972,0.4837
4973,0.0945
4974,0.3558
4975,0.4522
4976,0.3763
4977,0.1716
4978,0.3513
4979,0.1752
4980,0.328
4981,0.0534
4982,0.0613
4983,0.1758
4984,0.3444
4985,0.0376
4986,0.1429
4987,0.2899
4988,0.4634
4989,0.0258
4990,0.053
4991,0.4788
4992,0.3667
4993,0.1591
4994,0.1858
4995,0.4973
4996,0.0159
4997,0.4145
4998,0.0946
4999,0.022
5000,0.0645
